cohort_month,observation_month,active_customers,retained_customers,retention_rate,revenue_retention
2022-01-01,2022-01-01,49,49,1.0,1.0
2022-01-01,2022-02-01,49,49,1.0,1.0
2022-01-01,2022-03-01,49,49,1.0,1.0
2022-01-01,2022-04-01,49,49,1.0,1.0
2022-01-01,2022-05-01,49,49,1.0,1.0
2022-01-01,2022-06-01,49,49,1.0,1.0
2022-01-01,2022-07-01,49,49,1.0,1.0
2022-01-01,2022-08-01,49,49,1.0,1.0
2022-01-01,2022-09-01,49,49,1.0,1.0
2022-01-01,2022-10-01,49,49,1.0,1.0
2022-01-01,2022-11-01,49,49,1.0,1.0
2022-01-01,2022-12-01,49,49,1.0,1.0
2022-01-01,2023-01-01,49,49,1.0,1.0
2022-01-01,2023-02-01,49,49,1.0,1.0
2022-01-01,2023-03-01,49,49,1.0,1.0
2022-01-01,2023-04-01,49,49,1.0,1.0
2022-01-01,2023-05-01,49,49,1.0,1.0
2022-01-01,2023-06-01,49,49,1.0,1.0
2022-01-01,2023-07-01,49,49,1.0,1.0
2022-01-01,2023-08-01,49,49,1.0,1.0
2022-01-01,2023-09-01,49,49,1.0,1.0
2022-01-01,2023-10-01,49,49,1.0,1.0
2022-01-01,2023-11-01,49,49,1.0,1.0
2022-01-01,2023-12-01,49,49,1.0,1.0
2022-01-01,2024-01-01,49,49,1.0,1.0
2022-01-01,2024-02-01,49,49,1.0,1.0
2022-01-01,2024-03-01,49,49,1.0,1.0
2022-01-01,2024-04-01,49,49,1.0,1.0
2022-01-01,2024-05-01,49,49,1.0,1.0
2022-01-01,2024-06-01,49,49,1.0,1.0
2022-01-01,2024-07-01,49,49,1.0,1.0
2022-01-01,2024-08-01,49,48,0.979592,0.998816
2022-01-01,2024-09-01,49,48,0.979592,0.998816
2022-01-01,2024-10-01,49,48,0.979592,0.998816
2022-01-01,2024-11-01,49,48,0.979592,0.998816
2022-01-01,2024-12-01,49,48,0.979592,0.998816
2022-01-01,2025-01-01,49,47,0.959184,0.994092
2022-01-01,2025-02-01,49,47,0.959184,0.994092
2022-01-01,2025-03-01,49,47,0.959184,0.994092
2022-01-01,2025-04-01,49,46,0.938776,0.982371
2022-01-01,2025-05-01,49,46,0.938776,0.982371
2022-01-01,2025-06-01,49,44,0.897959,0.976841
2022-01-01,2025-07-01,49,43,0.877551,0.942433
2022-01-01,2025-08-01,49,41,0.836735,0.931649
2022-01-01,2025-09-01,49,41,0.836735,0.931649
2022-01-01,2025-10-01,49,41,0.836735,0.931649
2022-01-01,2025-11-01,49,40,0.816327,0.917339
2022-01-01,2025-12-01,49,39,0.795918,0.887269
2022-01-01,2026-01-01,49,37,0.755102,0.883399
2022-01-01,2026-02-01,49,35,0.714286,0.878285
2022-01-01,2026-03-01,49,35,0.714286,0.878285
2022-02-01,2022-02-01,57,57,1.0,1.0
2022-02-01,2022-03-01,57,57,1.0,1.0
2022-02-01,2022-04-01,57,57,1.0,1.0
2022-02-01,2022-05-01,57,57,1.0,1.0
2022-02-01,2022-06-01,57,57,1.0,1.0
2022-02-01,2022-07-01,57,57,1.0,1.0
2022-02-01,2022-08-01,57,57,1.0,1.0
2022-02-01,2022-09-01,57,57,1.0,1.0
2022-02-01,2022-10-01,57,57,1.0,1.0
2022-02-01,2022-11-01,57,57,1.0,1.0
2022-02-01,2022-12-01,57,57,1.0,1.0
2022-02-01,2023-01-01,57,57,1.0,1.0
2022-02-01,2023-02-01,57,57,1.0,1.0
2022-02-01,2023-03-01,57,57,1.0,1.0
2022-02-01,2023-04-01,57,57,1.0,1.0
2022-02-01,2023-05-01,57,57,1.0,1.0
2022-02-01,2023-06-01,57,57,1.0,1.0
2022-02-01,2023-07-01,57,57,1.0,1.0
2022-02-01,2023-08-01,57,57,1.0,1.0
2022-02-01,2023-09-01,57,57,1.0,1.0
2022-02-01,2023-10-01,57,57,1.0,1.0
2022-02-01,2023-11-01,57,57,1.0,1.0
2022-02-01,2023-12-01,57,57,1.0,1.0
2022-02-01,2024-01-01,57,57,1.0,1.0
2022-02-01,2024-02-01,57,57,1.0,1.0
2022-02-01,2024-03-01,57,57,1.0,1.0
2022-02-01,2024-04-01,57,57,1.0,1.0
2022-02-01,2024-05-01,57,57,1.0,1.0
2022-02-01,2024-06-01,57,57,1.0,1.0
2022-02-01,2024-07-01,57,57,1.0,1.0
2022-02-01,2024-08-01,57,57,1.0,1.0
2022-02-01,2024-09-01,57,57,1.0,1.0
2022-02-01,2024-10-01,57,57,1.0,1.0
2022-02-01,2024-11-01,57,57,1.0,1.0
2022-02-01,2024-12-01,57,56,0.982456,0.997122
2022-02-01,2025-01-01,57,56,0.982456,0.997122
2022-02-01,2025-02-01,57,56,0.982456,0.997122
2022-02-01,2025-03-01,57,56,0.982456,0.997122
2022-02-01,2025-04-01,57,56,0.982456,0.997122
2022-02-01,2025-05-01,57,55,0.964912,0.980591
2022-02-01,2025-06-01,57,55,0.964912,0.980591
2022-02-01,2025-07-01,57,55,0.964912,0.980591
2022-02-01,2025-08-01,57,55,0.964912,0.980591
2022-02-01,2025-09-01,57,54,0.947368,0.968702
2022-02-01,2025-10-01,57,52,0.912281,0.9172
2022-02-01,2025-11-01,57,50,0.877193,0.912161
2022-02-01,2025-12-01,57,46,0.807018,0.858778
2022-02-01,2026-01-01,57,44,0.77193,0.851921
2022-02-01,2026-02-01,57,44,0.77193,0.851921
2022-02-01,2026-03-01,57,44,0.77193,0.851921
2022-03-01,2022-03-01,67,67,1.0,1.0
2022-03-01,2022-04-01,67,67,1.0,1.0
2022-03-01,2022-05-01,67,67,1.0,1.0
2022-03-01,2022-06-01,67,67,1.0,1.0
2022-03-01,2022-07-01,67,67,1.0,1.0
2022-03-01,2022-08-01,67,67,1.0,1.0
2022-03-01,2022-09-01,67,67,1.0,1.0
2022-03-01,2022-10-01,67,67,1.0,1.0
2022-03-01,2022-11-01,67,67,1.0,1.0
2022-03-01,2022-12-01,67,67,1.0,1.0
2022-03-01,2023-01-01,67,67,1.0,1.0
2022-03-01,2023-02-01,67,67,1.0,1.0
2022-03-01,2023-03-01,67,67,1.0,1.0
2022-03-01,2023-04-01,67,67,1.0,1.0
2022-03-01,2023-05-01,67,67,1.0,1.0
2022-03-01,2023-06-01,67,67,1.0,1.0
2022-03-01,2023-07-01,67,67,1.0,1.0
2022-03-01,2023-08-01,67,67,1.0,1.0
2022-03-01,2023-09-01,67,67,1.0,1.0
2022-03-01,2023-10-01,67,67,1.0,1.0
2022-03-01,2023-11-01,67,67,1.0,1.0
2022-03-01,2023-12-01,67,67,1.0,1.0
2022-03-01,2024-01-01,67,67,1.0,1.0
2022-03-01,2024-02-01,67,67,1.0,1.0
2022-03-01,2024-03-01,67,67,1.0,1.0
2022-03-01,2024-04-01,67,67,1.0,1.0
2022-03-01,2024-05-01,67,67,1.0,1.0
2022-03-01,2024-06-01,67,67,1.0,1.0
2022-03-01,2024-07-01,67,67,1.0,1.0
2022-03-01,2024-08-01,67,67,1.0,1.0
2022-03-01,2024-09-01,67,67,1.0,1.0
2022-03-01,2024-10-01,67,67,1.0,1.0
2022-03-01,2024-11-01,67,67,1.0,1.0
2022-03-01,2024-12-01,67,67,1.0,1.0
2022-03-01,2025-01-01,67,66,0.985075,0.980649
2022-03-01,2025-02-01,67,66,0.985075,0.980649
2022-03-01,2025-03-01,67,65,0.970149,0.974608
2022-03-01,2025-04-01,67,65,0.970149,0.974608
2022-03-01,2025-05-01,67,64,0.955224,0.973477
2022-03-01,2025-06-01,67,63,0.940299,0.966865
2022-03-01,2025-07-01,67,63,0.940299,0.966865
2022-03-01,2025-08-01,67,60,0.895522,0.95474
2022-03-01,2025-09-01,67,58,0.865672,0.927794
2022-03-01,2025-10-01,67,57,0.850746,0.926055
2022-03-01,2025-11-01,67,54,0.80597,0.909864
2022-03-01,2025-12-01,67,52,0.776119,0.90043
2022-03-01,2026-01-01,67,48,0.716418,0.878467
2022-03-01,2026-02-01,67,47,0.701493,0.870129
2022-03-01,2026-03-01,67,47,0.701493,0.870129
2022-04-01,2022-04-01,62,62,1.0,1.0
2022-04-01,2022-05-01,62,62,1.0,1.0
2022-04-01,2022-06-01,62,62,1.0,1.0
2022-04-01,2022-07-01,62,62,1.0,1.0
2022-04-01,2022-08-01,62,62,1.0,1.0
2022-04-01,2022-09-01,62,62,1.0,1.0
2022-04-01,2022-10-01,62,62,1.0,1.0
2022-04-01,2022-11-01,62,62,1.0,1.0
2022-04-01,2022-12-01,62,62,1.0,1.0
2022-04-01,2023-01-01,62,62,1.0,1.0
2022-04-01,2023-02-01,62,62,1.0,1.0
2022-04-01,2023-03-01,62,62,1.0,1.0
2022-04-01,2023-04-01,62,62,1.0,1.0
2022-04-01,2023-05-01,62,62,1.0,1.0
2022-04-01,2023-06-01,62,62,1.0,1.0
2022-04-01,2023-07-01,62,62,1.0,1.0
2022-04-01,2023-08-01,62,62,1.0,1.0
2022-04-01,2023-09-01,62,62,1.0,1.0
2022-04-01,2023-10-01,62,62,1.0,1.0
2022-04-01,2023-11-01,62,62,1.0,1.0
2022-04-01,2023-12-01,62,62,1.0,1.0
2022-04-01,2024-01-01,62,62,1.0,1.0
2022-04-01,2024-02-01,62,62,1.0,1.0
2022-04-01,2024-03-01,62,62,1.0,1.0
2022-04-01,2024-04-01,62,62,1.0,1.0
2022-04-01,2024-05-01,62,62,1.0,1.0
2022-04-01,2024-06-01,62,62,1.0,1.0
2022-04-01,2024-07-01,62,62,1.0,1.0
2022-04-01,2024-08-01,62,62,1.0,1.0
2022-04-01,2024-09-01,62,62,1.0,1.0
2022-04-01,2024-10-01,62,62,1.0,1.0
2022-04-01,2024-11-01,62,62,1.0,1.0
2022-04-01,2024-12-01,62,62,1.0,1.0
2022-04-01,2025-01-01,62,61,0.983871,0.996479
2022-04-01,2025-02-01,62,61,0.983871,0.996479
2022-04-01,2025-03-01,62,61,0.983871,0.996479
2022-04-01,2025-04-01,62,61,0.983871,0.996479
2022-04-01,2025-05-01,62,60,0.967742,0.986056
2022-04-01,2025-06-01,62,59,0.951613,0.977887
2022-04-01,2025-07-01,62,57,0.919355,0.957057
2022-04-01,2025-08-01,62,56,0.903226,0.944816
2022-04-01,2025-09-01,62,54,0.870968,0.89479
2022-04-01,2025-10-01,62,52,0.83871,0.885022
2022-04-01,2025-11-01,62,49,0.790323,0.87726
2022-04-01,2025-12-01,62,48,0.774194,0.874936
2022-04-01,2026-01-01,62,46,0.741935,0.86748
2022-04-01,2026-02-01,62,45,0.725806,0.861523
2022-04-01,2026-03-01,62,45,0.725806,0.861523
2022-05-01,2022-05-01,64,64,1.0,1.0
2022-05-01,2022-06-01,64,64,1.0,1.0
2022-05-01,2022-07-01,64,64,1.0,1.0
2022-05-01,2022-08-01,64,64,1.0,1.0
2022-05-01,2022-09-01,64,64,1.0,1.0
2022-05-01,2022-10-01,64,64,1.0,1.0
2022-05-01,2022-11-01,64,64,1.0,1.0
2022-05-01,2022-12-01,64,64,1.0,1.0
2022-05-01,2023-01-01,64,64,1.0,1.0
2022-05-01,2023-02-01,64,64,1.0,1.0
2022-05-01,2023-03-01,64,64,1.0,1.0
2022-05-01,2023-04-01,64,64,1.0,1.0
2022-05-01,2023-05-01,64,64,1.0,1.0
2022-05-01,2023-06-01,64,64,1.0,1.0
2022-05-01,2023-07-01,64,64,1.0,1.0
2022-05-01,2023-08-01,64,64,1.0,1.0
2022-05-01,2023-09-01,64,64,1.0,1.0
2022-05-01,2023-10-01,64,64,1.0,1.0
2022-05-01,2023-11-01,64,64,1.0,1.0
2022-05-01,2023-12-01,64,64,1.0,1.0
2022-05-01,2024-01-01,64,64,1.0,1.0
2022-05-01,2024-02-01,64,64,1.0,1.0
2022-05-01,2024-03-01,64,64,1.0,1.0
2022-05-01,2024-04-01,64,64,1.0,1.0
2022-05-01,2024-05-01,64,64,1.0,1.0
2022-05-01,2024-06-01,64,64,1.0,1.0
2022-05-01,2024-07-01,64,64,1.0,1.0
2022-05-01,2024-08-01,64,64,1.0,1.0
2022-05-01,2024-09-01,64,64,1.0,1.0
2022-05-01,2024-10-01,64,64,1.0,1.0
2022-05-01,2024-11-01,64,64,1.0,1.0
2022-05-01,2024-12-01,64,64,1.0,1.0
2022-05-01,2025-01-01,64,64,1.0,1.0
2022-05-01,2025-02-01,64,64,1.0,1.0
2022-05-01,2025-03-01,64,64,1.0,1.0
2022-05-01,2025-04-01,64,64,1.0,1.0
2022-05-01,2025-05-01,64,64,1.0,1.0
2022-05-01,2025-06-01,64,64,1.0,1.0
2022-05-01,2025-07-01,64,64,1.0,1.0
2022-05-01,2025-08-01,64,62,0.96875,0.964687
2022-05-01,2025-09-01,64,62,0.96875,0.964687
2022-05-01,2025-10-01,64,62,0.96875,0.964687
2022-05-01,2025-11-01,64,59,0.921875,0.948384
2022-05-01,2025-12-01,64,58,0.90625,0.946892
2022-05-01,2026-01-01,64,57,0.890625,0.94457
2022-05-01,2026-02-01,64,55,0.859375,0.940089
2022-05-01,2026-03-01,64,55,0.859375,0.940089
2022-06-01,2022-06-01,83,83,1.0,1.0
2022-06-01,2022-07-01,83,83,1.0,1.0
2022-06-01,2022-08-01,83,83,1.0,1.0
2022-06-01,2022-09-01,83,83,1.0,1.0
2022-06-01,2022-10-01,83,83,1.0,1.0
2022-06-01,2022-11-01,83,83,1.0,1.0
2022-06-01,2022-12-01,83,83,1.0,1.0
2022-06-01,2023-01-01,83,83,1.0,1.0
2022-06-01,2023-02-01,83,83,1.0,1.0
2022-06-01,2023-03-01,83,83,1.0,1.0
2022-06-01,2023-04-01,83,83,1.0,1.0
2022-06-01,2023-05-01,83,83,1.0,1.0
2022-06-01,2023-06-01,83,83,1.0,1.0
2022-06-01,2023-07-01,83,83,1.0,1.0
2022-06-01,2023-08-01,83,83,1.0,1.0
2022-06-01,2023-09-01,83,83,1.0,1.0
2022-06-01,2023-10-01,83,83,1.0,1.0
2022-06-01,2023-11-01,83,83,1.0,1.0
2022-06-01,2023-12-01,83,83,1.0,1.0
2022-06-01,2024-01-01,83,83,1.0,1.0
2022-06-01,2024-02-01,83,83,1.0,1.0
2022-06-01,2024-03-01,83,83,1.0,1.0
2022-06-01,2024-04-01,83,83,1.0,1.0
2022-06-01,2024-05-01,83,83,1.0,1.0
2022-06-01,2024-06-01,83,83,1.0,1.0
2022-06-01,2024-07-01,83,83,1.0,1.0
2022-06-01,2024-08-01,83,83,1.0,1.0
2022-06-01,2024-09-01,83,83,1.0,1.0
2022-06-01,2024-10-01,83,83,1.0,1.0
2022-06-01,2024-11-01,83,83,1.0,1.0
2022-06-01,2024-12-01,83,83,1.0,1.0
2022-06-01,2025-01-01,83,83,1.0,1.0
2022-06-01,2025-02-01,83,81,0.975904,0.973852
2022-06-01,2025-03-01,83,79,0.951807,0.969111
2022-06-01,2025-04-01,83,77,0.927711,0.966052
2022-06-01,2025-05-01,83,76,0.915663,0.962609
2022-06-01,2025-06-01,83,75,0.903614,0.950598
2022-06-01,2025-07-01,83,72,0.86747,0.93893
2022-06-01,2025-08-01,83,71,0.855422,0.936825
2022-06-01,2025-09-01,83,69,0.831325,0.916854
2022-06-01,2025-10-01,83,64,0.771084,0.887083
2022-06-01,2025-11-01,83,59,0.710843,0.864267
2022-06-01,2025-12-01,83,59,0.710843,0.864267
2022-06-01,2026-01-01,83,54,0.650602,0.848517
2022-06-01,2026-02-01,83,50,0.60241,0.831113
2022-06-01,2026-03-01,83,50,0.60241,0.831113
2022-07-01,2022-07-01,83,83,1.0,1.0
2022-07-01,2022-08-01,83,83,1.0,1.0
2022-07-01,2022-09-01,83,83,1.0,1.0
2022-07-01,2022-10-01,83,83,1.0,1.0
2022-07-01,2022-11-01,83,83,1.0,1.0
2022-07-01,2022-12-01,83,83,1.0,1.0
2022-07-01,2023-01-01,83,83,1.0,1.0
2022-07-01,2023-02-01,83,83,1.0,1.0
2022-07-01,2023-03-01,83,83,1.0,1.0
2022-07-01,2023-04-01,83,83,1.0,1.0
2022-07-01,2023-05-01,83,83,1.0,1.0
2022-07-01,2023-06-01,83,83,1.0,1.0
2022-07-01,2023-07-01,83,83,1.0,1.0
2022-07-01,2023-08-01,83,83,1.0,1.0
2022-07-01,2023-09-01,83,83,1.0,1.0
2022-07-01,2023-10-01,83,83,1.0,1.0
2022-07-01,2023-11-01,83,83,1.0,1.0
2022-07-01,2023-12-01,83,83,1.0,1.0
2022-07-01,2024-01-01,83,83,1.0,1.0
2022-07-01,2024-02-01,83,83,1.0,1.0
2022-07-01,2024-03-01,83,83,1.0,1.0
2022-07-01,2024-04-01,83,83,1.0,1.0
2022-07-01,2024-05-01,83,83,1.0,1.0
2022-07-01,2024-06-01,83,83,1.0,1.0
2022-07-01,2024-07-01,83,83,1.0,1.0
2022-07-01,2024-08-01,83,83,1.0,1.0
2022-07-01,2024-09-01,83,83,1.0,1.0
2022-07-01,2024-10-01,83,83,1.0,1.0
2022-07-01,2024-11-01,83,83,1.0,1.0
2022-07-01,2024-12-01,83,83,1.0,1.0
2022-07-01,2025-01-01,83,83,1.0,1.0
2022-07-01,2025-02-01,83,83,1.0,1.0
2022-07-01,2025-03-01,83,82,0.987952,0.998052
2022-07-01,2025-04-01,83,82,0.987952,0.998052
2022-07-01,2025-05-01,83,82,0.987952,0.998052
2022-07-01,2025-06-01,83,81,0.975904,0.993354
2022-07-01,2025-07-01,83,81,0.975904,0.993354
2022-07-01,2025-08-01,83,80,0.963855,0.984423
2022-07-01,2025-09-01,83,79,0.951807,0.97762
2022-07-01,2025-10-01,83,78,0.939759,0.974602
2022-07-01,2025-11-01,83,73,0.879518,0.912273
2022-07-01,2025-12-01,83,72,0.86747,0.909906
2022-07-01,2026-01-01,83,68,0.819277,0.896623
2022-07-01,2026-02-01,83,65,0.783133,0.886983
2022-07-01,2026-03-01,83,65,0.783133,0.886983
2022-08-01,2022-08-01,75,75,1.0,1.0
2022-08-01,2022-09-01,75,75,1.0,1.0
2022-08-01,2022-10-01,75,75,1.0,1.0
2022-08-01,2022-11-01,75,75,1.0,1.0
2022-08-01,2022-12-01,75,75,1.0,1.0
2022-08-01,2023-01-01,75,75,1.0,1.0
2022-08-01,2023-02-01,75,75,1.0,1.0
2022-08-01,2023-03-01,75,75,1.0,1.0
2022-08-01,2023-04-01,75,75,1.0,1.0
2022-08-01,2023-05-01,75,75,1.0,1.0
2022-08-01,2023-06-01,75,75,1.0,1.0
2022-08-01,2023-07-01,75,75,1.0,1.0
2022-08-01,2023-08-01,75,75,1.0,1.0
2022-08-01,2023-09-01,75,75,1.0,1.0
2022-08-01,2023-10-01,75,75,1.0,1.0
2022-08-01,2023-11-01,75,75,1.0,1.0
2022-08-01,2023-12-01,75,75,1.0,1.0
2022-08-01,2024-01-01,75,75,1.0,1.0
2022-08-01,2024-02-01,75,75,1.0,1.0
2022-08-01,2024-03-01,75,75,1.0,1.0
2022-08-01,2024-04-01,75,75,1.0,1.0
2022-08-01,2024-05-01,75,75,1.0,1.0
2022-08-01,2024-06-01,75,75,1.0,1.0
2022-08-01,2024-07-01,75,75,1.0,1.0
2022-08-01,2024-08-01,75,75,1.0,1.0
2022-08-01,2024-09-01,75,75,1.0,1.0
2022-08-01,2024-10-01,75,75,1.0,1.0
2022-08-01,2024-11-01,75,75,1.0,1.0
2022-08-01,2024-12-01,75,75,1.0,1.0
2022-08-01,2025-01-01,75,75,1.0,1.0
2022-08-01,2025-02-01,75,75,1.0,1.0
2022-08-01,2025-03-01,75,74,0.986667,0.99829
2022-08-01,2025-04-01,75,73,0.973333,0.996423
2022-08-01,2025-05-01,75,73,0.973333,0.996423
2022-08-01,2025-06-01,75,72,0.96,0.964411
2022-08-01,2025-07-01,75,72,0.96,0.964411
2022-08-01,2025-08-01,75,68,0.906667,0.900556
2022-08-01,2025-09-01,75,67,0.893333,0.892467
2022-08-01,2025-10-01,75,67,0.893333,0.892467
2022-08-01,2025-11-01,75,66,0.88,0.885641
2022-08-01,2025-12-01,75,60,0.8,0.830087
2022-08-01,2026-01-01,75,57,0.76,0.814813
2022-08-01,2026-02-01,75,54,0.72,0.80633
2022-08-01,2026-03-01,75,54,0.72,0.80633
2022-09-01,2022-09-01,76,76,1.0,1.0
2022-09-01,2022-10-01,76,76,1.0,1.0
2022-09-01,2022-11-01,76,76,1.0,1.0
2022-09-01,2022-12-01,76,76,1.0,1.0
2022-09-01,2023-01-01,76,76,1.0,1.0
2022-09-01,2023-02-01,76,76,1.0,1.0
2022-09-01,2023-03-01,76,76,1.0,1.0
2022-09-01,2023-04-01,76,76,1.0,1.0
2022-09-01,2023-05-01,76,76,1.0,1.0
2022-09-01,2023-06-01,76,76,1.0,1.0
2022-09-01,2023-07-01,76,76,1.0,1.0
2022-09-01,2023-08-01,76,76,1.0,1.0
2022-09-01,2023-09-01,76,76,1.0,1.0
2022-09-01,2023-10-01,76,76,1.0,1.0
2022-09-01,2023-11-01,76,76,1.0,1.0
2022-09-01,2023-12-01,76,76,1.0,1.0
2022-09-01,2024-01-01,76,76,1.0,1.0
2022-09-01,2024-02-01,76,76,1.0,1.0
2022-09-01,2024-03-01,76,76,1.0,1.0
2022-09-01,2024-04-01,76,76,1.0,1.0
2022-09-01,2024-05-01,76,76,1.0,1.0
2022-09-01,2024-06-01,76,76,1.0,1.0
2022-09-01,2024-07-01,76,76,1.0,1.0
2022-09-01,2024-08-01,76,76,1.0,1.0
2022-09-01,2024-09-01,76,76,1.0,1.0
2022-09-01,2024-10-01,76,76,1.0,1.0
2022-09-01,2024-11-01,76,76,1.0,1.0
2022-09-01,2024-12-01,76,76,1.0,1.0
2022-09-01,2025-01-01,76,75,0.986842,0.998461
2022-09-01,2025-02-01,76,75,0.986842,0.998461
2022-09-01,2025-03-01,76,75,0.986842,0.998461
2022-09-01,2025-04-01,76,74,0.973684,0.995318
2022-09-01,2025-05-01,76,73,0.960526,0.994448
2022-09-01,2025-06-01,76,73,0.960526,0.994448
2022-09-01,2025-07-01,76,72,0.947368,0.985552
2022-09-01,2025-08-01,76,69,0.907895,0.970637
2022-09-01,2025-09-01,76,67,0.881579,0.965543
2022-09-01,2025-10-01,76,65,0.855263,0.962246
2022-09-01,2025-11-01,76,62,0.815789,0.952953
2022-09-01,2025-12-01,76,57,0.75,0.93371
2022-09-01,2026-01-01,76,54,0.710526,0.905678
2022-09-01,2026-02-01,76,52,0.684211,0.900772
2022-09-01,2026-03-01,76,52,0.684211,0.900772
2022-10-01,2022-10-01,73,73,1.0,1.0
2022-10-01,2022-11-01,73,73,1.0,1.0
2022-10-01,2022-12-01,73,73,1.0,1.0
2022-10-01,2023-01-01,73,73,1.0,1.0
2022-10-01,2023-02-01,73,73,1.0,1.0
2022-10-01,2023-03-01,73,73,1.0,1.0
2022-10-01,2023-04-01,73,73,1.0,1.0
2022-10-01,2023-05-01,73,73,1.0,1.0
2022-10-01,2023-06-01,73,73,1.0,1.0
2022-10-01,2023-07-01,73,73,1.0,1.0
2022-10-01,2023-08-01,73,73,1.0,1.0
2022-10-01,2023-09-01,73,73,1.0,1.0
2022-10-01,2023-10-01,73,73,1.0,1.0
2022-10-01,2023-11-01,73,73,1.0,1.0
2022-10-01,2023-12-01,73,73,1.0,1.0
2022-10-01,2024-01-01,73,73,1.0,1.0
2022-10-01,2024-02-01,73,73,1.0,1.0
2022-10-01,2024-03-01,73,73,1.0,1.0
2022-10-01,2024-04-01,73,73,1.0,1.0
2022-10-01,2024-05-01,73,73,1.0,1.0
2022-10-01,2024-06-01,73,73,1.0,1.0
2022-10-01,2024-07-01,73,73,1.0,1.0
2022-10-01,2024-08-01,73,73,1.0,1.0
2022-10-01,2024-09-01,73,73,1.0,1.0
2022-10-01,2024-10-01,73,73,1.0,1.0
2022-10-01,2024-11-01,73,73,1.0,1.0
2022-10-01,2024-12-01,73,73,1.0,1.0
2022-10-01,2025-01-01,73,73,1.0,1.0
2022-10-01,2025-02-01,73,73,1.0,1.0
2022-10-01,2025-03-01,73,72,0.986301,0.994001
2022-10-01,2025-04-01,73,72,0.986301,0.994001
2022-10-01,2025-05-01,73,71,0.972603,0.984796
2022-10-01,2025-06-01,73,71,0.972603,0.984796
2022-10-01,2025-07-01,73,71,0.972603,0.984796
2022-10-01,2025-08-01,73,68,0.931507,0.96817
2022-10-01,2025-09-01,73,66,0.90411,0.931695
2022-10-01,2025-10-01,73,63,0.863014,0.921219
2022-10-01,2025-11-01,73,59,0.808219,0.869772
2022-10-01,2025-12-01,73,58,0.794521,0.867108
2022-10-01,2026-01-01,73,53,0.726027,0.827838
2022-10-01,2026-02-01,73,49,0.671233,0.773026
2022-10-01,2026-03-01,73,49,0.671233,0.773026
2022-11-01,2022-11-01,67,67,1.0,1.0
2022-11-01,2022-12-01,67,67,1.0,1.0
2022-11-01,2023-01-01,67,67,1.0,1.0
2022-11-01,2023-02-01,67,67,1.0,1.0
2022-11-01,2023-03-01,67,67,1.0,1.0
2022-11-01,2023-04-01,67,67,1.0,1.0
2022-11-01,2023-05-01,67,67,1.0,1.0
2022-11-01,2023-06-01,67,67,1.0,1.0
2022-11-01,2023-07-01,67,67,1.0,1.0
2022-11-01,2023-08-01,67,67,1.0,1.0
2022-11-01,2023-09-01,67,67,1.0,1.0
2022-11-01,2023-10-01,67,67,1.0,1.0
2022-11-01,2023-11-01,67,67,1.0,1.0
2022-11-01,2023-12-01,67,67,1.0,1.0
2022-11-01,2024-01-01,67,67,1.0,1.0
2022-11-01,2024-02-01,67,67,1.0,1.0
2022-11-01,2024-03-01,67,67,1.0,1.0
2022-11-01,2024-04-01,67,67,1.0,1.0
2022-11-01,2024-05-01,67,67,1.0,1.0
2022-11-01,2024-06-01,67,67,1.0,1.0
2022-11-01,2024-07-01,67,67,1.0,1.0
2022-11-01,2024-08-01,67,67,1.0,1.0
2022-11-01,2024-09-01,67,67,1.0,1.0
2022-11-01,2024-10-01,67,67,1.0,1.0
2022-11-01,2024-11-01,67,67,1.0,1.0
2022-11-01,2024-12-01,67,67,1.0,1.0
2022-11-01,2025-01-01,67,67,1.0,1.0
2022-11-01,2025-02-01,67,67,1.0,1.0
2022-11-01,2025-03-01,67,67,1.0,1.0
2022-11-01,2025-04-01,67,66,0.985075,0.997596
2022-11-01,2025-05-01,67,65,0.970149,0.977512
2022-11-01,2025-06-01,67,65,0.970149,0.977512
2022-11-01,2025-07-01,67,65,0.970149,0.977512
2022-11-01,2025-08-01,67,63,0.940299,0.974149
2022-11-01,2025-09-01,67,62,0.925373,0.970382
2022-11-01,2025-10-01,67,61,0.910448,0.967588
2022-11-01,2025-11-01,67,57,0.850746,0.935176
2022-11-01,2025-12-01,67,55,0.820896,0.925012
2022-11-01,2026-01-01,67,53,0.791045,0.906223
2022-11-01,2026-02-01,67,51,0.761194,0.858265
2022-11-01,2026-03-01,67,51,0.761194,0.858265
2022-12-01,2022-12-01,62,62,1.0,1.0
2022-12-01,2023-01-01,62,62,1.0,1.0
2022-12-01,2023-02-01,62,62,1.0,1.0
2022-12-01,2023-03-01,62,62,1.0,1.0
2022-12-01,2023-04-01,62,62,1.0,1.0
2022-12-01,2023-05-01,62,62,1.0,1.0
2022-12-01,2023-06-01,62,62,1.0,1.0
2022-12-01,2023-07-01,62,62,1.0,1.0
2022-12-01,2023-08-01,62,62,1.0,1.0
2022-12-01,2023-09-01,62,62,1.0,1.0
2022-12-01,2023-10-01,62,62,1.0,1.0
2022-12-01,2023-11-01,62,62,1.0,1.0
2022-12-01,2023-12-01,62,62,1.0,1.0
2022-12-01,2024-01-01,62,62,1.0,1.0
2022-12-01,2024-02-01,62,62,1.0,1.0
2022-12-01,2024-03-01,62,62,1.0,1.0
2022-12-01,2024-04-01,62,62,1.0,1.0
2022-12-01,2024-05-01,62,62,1.0,1.0
2022-12-01,2024-06-01,62,62,1.0,1.0
2022-12-01,2024-07-01,62,62,1.0,1.0
2022-12-01,2024-08-01,62,62,1.0,1.0
2022-12-01,2024-09-01,62,62,1.0,1.0
2022-12-01,2024-10-01,62,62,1.0,1.0
2022-12-01,2024-11-01,62,62,1.0,1.0
2022-12-01,2024-12-01,62,61,0.983871,0.989063
2022-12-01,2025-01-01,62,61,0.983871,0.989063
2022-12-01,2025-02-01,62,61,0.983871,0.989063
2022-12-01,2025-03-01,62,61,0.983871,0.989063
2022-12-01,2025-04-01,62,61,0.983871,0.989063
2022-12-01,2025-05-01,62,61,0.983871,0.989063
2022-12-01,2025-06-01,62,61,0.983871,0.989063
2022-12-01,2025-07-01,62,61,0.983871,0.989063
2022-12-01,2025-08-01,62,61,0.983871,0.989063
2022-12-01,2025-09-01,62,58,0.935484,0.977876
2022-12-01,2025-10-01,62,57,0.919355,0.950838
2022-12-01,2025-11-01,62,54,0.870968,0.943928
2022-12-01,2025-12-01,62,52,0.83871,0.939751
2022-12-01,2026-01-01,62,47,0.758065,0.89039
2022-12-01,2026-02-01,62,44,0.709677,0.798173
2022-12-01,2026-03-01,62,44,0.709677,0.798173
2023-01-01,2023-01-01,81,81,1.0,1.0
2023-01-01,2023-02-01,81,81,1.0,1.0
2023-01-01,2023-03-01,81,81,1.0,1.0
2023-01-01,2023-04-01,81,81,1.0,1.0
2023-01-01,2023-05-01,81,81,1.0,1.0
2023-01-01,2023-06-01,81,81,1.0,1.0
2023-01-01,2023-07-01,81,81,1.0,1.0
2023-01-01,2023-08-01,81,81,1.0,1.0
2023-01-01,2023-09-01,81,81,1.0,1.0
2023-01-01,2023-10-01,81,81,1.0,1.0
2023-01-01,2023-11-01,81,81,1.0,1.0
2023-01-01,2023-12-01,81,81,1.0,1.0
2023-01-01,2024-01-01,81,81,1.0,1.0
2023-01-01,2024-02-01,81,81,1.0,1.0
2023-01-01,2024-03-01,81,81,1.0,1.0
2023-01-01,2024-04-01,81,81,1.0,1.0
2023-01-01,2024-05-01,81,81,1.0,1.0
2023-01-01,2024-06-01,81,81,1.0,1.0
2023-01-01,2024-07-01,81,81,1.0,1.0
2023-01-01,2024-08-01,81,81,1.0,1.0
2023-01-01,2024-09-01,81,81,1.0,1.0
2023-01-01,2024-10-01,81,81,1.0,1.0
2023-01-01,2024-11-01,81,81,1.0,1.0
2023-01-01,2024-12-01,81,81,1.0,1.0
2023-01-01,2025-01-01,81,81,1.0,1.0
2023-01-01,2025-02-01,81,81,1.0,1.0
2023-01-01,2025-03-01,81,81,1.0,1.0
2023-01-01,2025-04-01,81,81,1.0,1.0
2023-01-01,2025-05-01,81,80,0.987654,0.997757
2023-01-01,2025-06-01,81,80,0.987654,0.997757
2023-01-01,2025-07-01,81,78,0.962963,0.989473
2023-01-01,2025-08-01,81,78,0.962963,0.989473
2023-01-01,2025-09-01,81,76,0.938272,0.980034
2023-01-01,2025-10-01,81,75,0.925926,0.97898
2023-01-01,2025-11-01,81,72,0.888889,0.935877
2023-01-01,2025-12-01,81,69,0.851852,0.924188
2023-01-01,2026-01-01,81,64,0.790123,0.913237
2023-01-01,2026-02-01,81,60,0.740741,0.84714
2023-01-01,2026-03-01,81,60,0.740741,0.84714
2023-02-01,2023-02-01,56,56,1.0,1.0
2023-02-01,2023-03-01,56,56,1.0,1.0
2023-02-01,2023-04-01,56,56,1.0,1.0
2023-02-01,2023-05-01,56,56,1.0,1.0
2023-02-01,2023-06-01,56,56,1.0,1.0
2023-02-01,2023-07-01,56,56,1.0,1.0
2023-02-01,2023-08-01,56,56,1.0,1.0
2023-02-01,2023-09-01,56,56,1.0,1.0
2023-02-01,2023-10-01,56,56,1.0,1.0
2023-02-01,2023-11-01,56,56,1.0,1.0
2023-02-01,2023-12-01,56,56,1.0,1.0
2023-02-01,2024-01-01,56,56,1.0,1.0
2023-02-01,2024-02-01,56,56,1.0,1.0
2023-02-01,2024-03-01,56,56,1.0,1.0
2023-02-01,2024-04-01,56,56,1.0,1.0
2023-02-01,2024-05-01,56,56,1.0,1.0
2023-02-01,2024-06-01,56,56,1.0,1.0
2023-02-01,2024-07-01,56,56,1.0,1.0
2023-02-01,2024-08-01,56,56,1.0,1.0
2023-02-01,2024-09-01,56,56,1.0,1.0
2023-02-01,2024-10-01,56,56,1.0,1.0
2023-02-01,2024-11-01,56,56,1.0,1.0
2023-02-01,2024-12-01,56,56,1.0,1.0
2023-02-01,2025-01-01,56,56,1.0,1.0
2023-02-01,2025-02-01,56,56,1.0,1.0
2023-02-01,2025-03-01,56,56,1.0,1.0
2023-02-01,2025-04-01,56,56,1.0,1.0
2023-02-01,2025-05-01,56,56,1.0,1.0
2023-02-01,2025-06-01,56,56,1.0,1.0
2023-02-01,2025-07-01,56,54,0.964286,0.987208
2023-02-01,2025-08-01,56,53,0.946429,0.98305
2023-02-01,2025-09-01,56,52,0.928571,0.975263
2023-02-01,2025-10-01,56,50,0.892857,0.970999
2023-02-01,2025-11-01,56,48,0.857143,0.964746
2023-02-01,2025-12-01,56,45,0.803571,0.934996
2023-02-01,2026-01-01,56,45,0.803571,0.934996
2023-02-01,2026-02-01,56,42,0.75,0.923182
2023-02-01,2026-03-01,56,42,0.75,0.923182
2023-03-01,2023-03-01,75,75,1.0,1.0
2023-03-01,2023-04-01,75,75,1.0,1.0
2023-03-01,2023-05-01,75,75,1.0,1.0
2023-03-01,2023-06-01,75,75,1.0,1.0
2023-03-01,2023-07-01,75,75,1.0,1.0
2023-03-01,2023-08-01,75,75,1.0,1.0
2023-03-01,2023-09-01,75,75,1.0,1.0
2023-03-01,2023-10-01,75,75,1.0,1.0
2023-03-01,2023-11-01,75,75,1.0,1.0
2023-03-01,2023-12-01,75,75,1.0,1.0
2023-03-01,2024-01-01,75,75,1.0,1.0
2023-03-01,2024-02-01,75,75,1.0,1.0
2023-03-01,2024-03-01,75,75,1.0,1.0
2023-03-01,2024-04-01,75,75,1.0,1.0
2023-03-01,2024-05-01,75,75,1.0,1.0
2023-03-01,2024-06-01,75,75,1.0,1.0
2023-03-01,2024-07-01,75,75,1.0,1.0
2023-03-01,2024-08-01,75,75,1.0,1.0
2023-03-01,2024-09-01,75,75,1.0,1.0
2023-03-01,2024-10-01,75,75,1.0,1.0
2023-03-01,2024-11-01,75,75,1.0,1.0
2023-03-01,2024-12-01,75,75,1.0,1.0
2023-03-01,2025-01-01,75,75,1.0,1.0
2023-03-01,2025-02-01,75,74,0.986667,0.998254
2023-03-01,2025-03-01,75,74,0.986667,0.998254
2023-03-01,2025-04-01,75,74,0.986667,0.998254
2023-03-01,2025-05-01,75,74,0.986667,0.998254
2023-03-01,2025-06-01,75,73,0.973333,0.996131
2023-03-01,2025-07-01,75,71,0.946667,0.980535
2023-03-01,2025-08-01,75,71,0.946667,0.980535
2023-03-01,2025-09-01,75,69,0.92,0.97793
2023-03-01,2025-10-01,75,66,0.88,0.9399
2023-03-01,2025-11-01,75,63,0.84,0.930562
2023-03-01,2025-12-01,75,56,0.746667,0.834437
2023-03-01,2026-01-01,75,55,0.733333,0.824466
2023-03-01,2026-02-01,75,53,0.706667,0.809587
2023-03-01,2026-03-01,75,53,0.706667,0.809587
2023-04-01,2023-04-01,70,70,1.0,1.0
2023-04-01,2023-05-01,70,70,1.0,1.0
2023-04-01,2023-06-01,70,70,1.0,1.0
2023-04-01,2023-07-01,70,70,1.0,1.0
2023-04-01,2023-08-01,70,70,1.0,1.0
2023-04-01,2023-09-01,70,70,1.0,1.0
2023-04-01,2023-10-01,70,70,1.0,1.0
2023-04-01,2023-11-01,70,70,1.0,1.0
2023-04-01,2023-12-01,70,70,1.0,1.0
2023-04-01,2024-01-01,70,70,1.0,1.0
2023-04-01,2024-02-01,70,70,1.0,1.0
2023-04-01,2024-03-01,70,70,1.0,1.0
2023-04-01,2024-04-01,70,70,1.0,1.0
2023-04-01,2024-05-01,70,70,1.0,1.0
2023-04-01,2024-06-01,70,70,1.0,1.0
2023-04-01,2024-07-01,70,70,1.0,1.0
2023-04-01,2024-08-01,70,70,1.0,1.0
2023-04-01,2024-09-01,70,70,1.0,1.0
2023-04-01,2024-10-01,70,70,1.0,1.0
2023-04-01,2024-11-01,70,70,1.0,1.0
2023-04-01,2024-12-01,70,70,1.0,1.0
2023-04-01,2025-01-01,70,70,1.0,1.0
2023-04-01,2025-02-01,70,70,1.0,1.0
2023-04-01,2025-03-01,70,70,1.0,1.0
2023-04-01,2025-04-01,70,70,1.0,1.0
2023-04-01,2025-05-01,70,70,1.0,1.0
2023-04-01,2025-06-01,70,70,1.0,1.0
2023-04-01,2025-07-01,70,70,1.0,1.0
2023-04-01,2025-08-01,70,70,1.0,1.0
2023-04-01,2025-09-01,70,70,1.0,1.0
2023-04-01,2025-10-01,70,68,0.971429,0.982558
2023-04-01,2025-11-01,70,66,0.942857,0.979377
2023-04-01,2025-12-01,70,64,0.914286,0.969631
2023-04-01,2026-01-01,70,61,0.871429,0.966238
2023-04-01,2026-02-01,70,58,0.828571,0.954804
2023-04-01,2026-03-01,70,58,0.828571,0.954804
2023-05-01,2023-05-01,70,70,1.0,1.0
2023-05-01,2023-06-01,70,70,1.0,1.0
2023-05-01,2023-07-01,70,70,1.0,1.0
2023-05-01,2023-08-01,70,70,1.0,1.0
2023-05-01,2023-09-01,70,70,1.0,1.0
2023-05-01,2023-10-01,70,70,1.0,1.0
2023-05-01,2023-11-01,70,70,1.0,1.0
2023-05-01,2023-12-01,70,70,1.0,1.0
2023-05-01,2024-01-01,70,70,1.0,1.0
2023-05-01,2024-02-01,70,70,1.0,1.0
2023-05-01,2024-03-01,70,70,1.0,1.0
2023-05-01,2024-04-01,70,70,1.0,1.0
2023-05-01,2024-05-01,70,70,1.0,1.0
2023-05-01,2024-06-01,70,70,1.0,1.0
2023-05-01,2024-07-01,70,70,1.0,1.0
2023-05-01,2024-08-01,70,70,1.0,1.0
2023-05-01,2024-09-01,70,70,1.0,1.0
2023-05-01,2024-10-01,70,70,1.0,1.0
2023-05-01,2024-11-01,70,70,1.0,1.0
2023-05-01,2024-12-01,70,70,1.0,1.0
2023-05-01,2025-01-01,70,69,0.985714,0.998939
2023-05-01,2025-02-01,70,69,0.985714,0.998939
2023-05-01,2025-03-01,70,69,0.985714,0.998939
2023-05-01,2025-04-01,70,69,0.985714,0.998939
2023-05-01,2025-05-01,70,69,0.985714,0.998939
2023-05-01,2025-06-01,70,69,0.985714,0.998939
2023-05-01,2025-07-01,70,69,0.985714,0.998939
2023-05-01,2025-08-01,70,69,0.985714,0.998939
2023-05-01,2025-09-01,70,68,0.971429,0.99706
2023-05-01,2025-10-01,70,67,0.957143,0.995094
2023-05-01,2025-11-01,70,65,0.928571,0.98521
2023-05-01,2025-12-01,70,61,0.871429,0.977053
2023-05-01,2026-01-01,70,59,0.842857,0.96942
2023-05-01,2026-02-01,70,54,0.771429,0.942025
2023-05-01,2026-03-01,70,54,0.771429,0.942025
2023-06-01,2023-06-01,61,61,1.0,1.0
2023-06-01,2023-07-01,61,61,1.0,1.0
2023-06-01,2023-08-01,61,61,1.0,1.0
2023-06-01,2023-09-01,61,61,1.0,1.0
2023-06-01,2023-10-01,61,61,1.0,1.0
2023-06-01,2023-11-01,61,61,1.0,1.0
2023-06-01,2023-12-01,61,61,1.0,1.0
2023-06-01,2024-01-01,61,61,1.0,1.0
2023-06-01,2024-02-01,61,61,1.0,1.0
2023-06-01,2024-03-01,61,61,1.0,1.0
2023-06-01,2024-04-01,61,61,1.0,1.0
2023-06-01,2024-05-01,61,61,1.0,1.0
2023-06-01,2024-06-01,61,61,1.0,1.0
2023-06-01,2024-07-01,61,61,1.0,1.0
2023-06-01,2024-08-01,61,61,1.0,1.0
2023-06-01,2024-09-01,61,61,1.0,1.0
2023-06-01,2024-10-01,61,61,1.0,1.0
2023-06-01,2024-11-01,61,61,1.0,1.0
2023-06-01,2024-12-01,61,61,1.0,1.0
2023-06-01,2025-01-01,61,61,1.0,1.0
2023-06-01,2025-02-01,61,61,1.0,1.0
2023-06-01,2025-03-01,61,61,1.0,1.0
2023-06-01,2025-04-01,61,61,1.0,1.0
2023-06-01,2025-05-01,61,61,1.0,1.0
2023-06-01,2025-06-01,61,61,1.0,1.0
2023-06-01,2025-07-01,61,61,1.0,1.0
2023-06-01,2025-08-01,61,60,0.983607,0.997506
2023-06-01,2025-09-01,61,58,0.95082,0.973189
2023-06-01,2025-10-01,61,57,0.934426,0.96807
2023-06-01,2025-11-01,61,57,0.934426,0.96807
2023-06-01,2025-12-01,61,53,0.868852,0.941505
2023-06-01,2026-01-01,61,52,0.852459,0.938925
2023-06-01,2026-02-01,61,47,0.770492,0.88685
2023-06-01,2026-03-01,61,47,0.770492,0.88685
2023-07-01,2023-07-01,72,72,1.0,1.0
2023-07-01,2023-08-01,72,72,1.0,1.0
2023-07-01,2023-09-01,72,72,1.0,1.0
2023-07-01,2023-10-01,72,72,1.0,1.0
2023-07-01,2023-11-01,72,72,1.0,1.0
2023-07-01,2023-12-01,72,72,1.0,1.0
2023-07-01,2024-01-01,72,72,1.0,1.0
2023-07-01,2024-02-01,72,72,1.0,1.0
2023-07-01,2024-03-01,72,72,1.0,1.0
2023-07-01,2024-04-01,72,72,1.0,1.0
2023-07-01,2024-05-01,72,72,1.0,1.0
2023-07-01,2024-06-01,72,72,1.0,1.0
2023-07-01,2024-07-01,72,72,1.0,1.0
2023-07-01,2024-08-01,72,72,1.0,1.0
2023-07-01,2024-09-01,72,72,1.0,1.0
2023-07-01,2024-10-01,72,72,1.0,1.0
2023-07-01,2024-11-01,72,72,1.0,1.0
2023-07-01,2024-12-01,72,72,1.0,1.0
2023-07-01,2025-01-01,72,72,1.0,1.0
2023-07-01,2025-02-01,72,72,1.0,1.0
2023-07-01,2025-03-01,72,72,1.0,1.0
2023-07-01,2025-04-01,72,72,1.0,1.0
2023-07-01,2025-05-01,72,72,1.0,1.0
2023-07-01,2025-06-01,72,71,0.986111,0.987775
2023-07-01,2025-07-01,72,71,0.986111,0.987775
2023-07-01,2025-08-01,72,71,0.986111,0.987775
2023-07-01,2025-09-01,72,69,0.958333,0.968646
2023-07-01,2025-10-01,72,67,0.930556,0.962346
2023-07-01,2025-11-01,72,66,0.916667,0.960427
2023-07-01,2025-12-01,72,64,0.888889,0.913954
2023-07-01,2026-01-01,72,59,0.819444,0.870359
2023-07-01,2026-02-01,72,55,0.763889,0.85677
2023-07-01,2026-03-01,72,55,0.763889,0.85677
2023-08-01,2023-08-01,67,67,1.0,1.0
2023-08-01,2023-09-01,67,67,1.0,1.0
2023-08-01,2023-10-01,67,67,1.0,1.0
2023-08-01,2023-11-01,67,67,1.0,1.0
2023-08-01,2023-12-01,67,67,1.0,1.0
2023-08-01,2024-01-01,67,67,1.0,1.0
2023-08-01,2024-02-01,67,67,1.0,1.0
2023-08-01,2024-03-01,67,67,1.0,1.0
2023-08-01,2024-04-01,67,67,1.0,1.0
2023-08-01,2024-05-01,67,67,1.0,1.0
2023-08-01,2024-06-01,67,67,1.0,1.0
2023-08-01,2024-07-01,67,67,1.0,1.0
2023-08-01,2024-08-01,67,67,1.0,1.0
2023-08-01,2024-09-01,67,67,1.0,1.0
2023-08-01,2024-10-01,67,67,1.0,1.0
2023-08-01,2024-11-01,67,67,1.0,1.0
2023-08-01,2024-12-01,67,67,1.0,1.0
2023-08-01,2025-01-01,67,67,1.0,1.0
2023-08-01,2025-02-01,67,67,1.0,1.0
2023-08-01,2025-03-01,67,67,1.0,1.0
2023-08-01,2025-04-01,67,67,1.0,1.0
2023-08-01,2025-05-01,67,67,1.0,1.0
2023-08-01,2025-06-01,67,67,1.0,1.0
2023-08-01,2025-07-01,67,66,0.985075,0.996193
2023-08-01,2025-08-01,67,64,0.955224,0.947052
2023-08-01,2025-09-01,67,64,0.955224,0.947052
2023-08-01,2025-10-01,67,63,0.940299,0.940614
2023-08-01,2025-11-01,67,61,0.910448,0.927383
2023-08-01,2025-12-01,67,59,0.880597,0.917296
2023-08-01,2026-01-01,67,57,0.850746,0.913479
2023-08-01,2026-02-01,67,52,0.776119,0.887758
2023-08-01,2026-03-01,67,52,0.776119,0.887758
2023-09-01,2023-09-01,77,77,1.0,1.0
2023-09-01,2023-10-01,77,77,1.0,1.0
2023-09-01,2023-11-01,77,77,1.0,1.0
2023-09-01,2023-12-01,77,77,1.0,1.0
2023-09-01,2024-01-01,77,77,1.0,1.0
2023-09-01,2024-02-01,77,77,1.0,1.0
2023-09-01,2024-03-01,77,77,1.0,1.0
2023-09-01,2024-04-01,77,77,1.0,1.0
2023-09-01,2024-05-01,77,77,1.0,1.0
2023-09-01,2024-06-01,77,77,1.0,1.0
2023-09-01,2024-07-01,77,77,1.0,1.0
2023-09-01,2024-08-01,77,77,1.0,1.0
2023-09-01,2024-09-01,77,77,1.0,1.0
2023-09-01,2024-10-01,77,77,1.0,1.0
2023-09-01,2024-11-01,77,77,1.0,1.0
2023-09-01,2024-12-01,77,77,1.0,1.0
2023-09-01,2025-01-01,77,77,1.0,1.0
2023-09-01,2025-02-01,77,77,1.0,1.0
2023-09-01,2025-03-01,77,77,1.0,1.0
2023-09-01,2025-04-01,77,77,1.0,1.0
2023-09-01,2025-05-01,77,77,1.0,1.0
2023-09-01,2025-06-01,77,75,0.974026,0.984709
2023-09-01,2025-07-01,77,74,0.961039,0.982565
2023-09-01,2025-08-01,77,74,0.961039,0.982565
2023-09-01,2025-09-01,77,74,0.961039,0.982565
2023-09-01,2025-10-01,77,71,0.922078,0.966943
2023-09-01,2025-11-01,77,67,0.87013,0.955386
2023-09-01,2025-12-01,77,64,0.831169,0.935885
2023-09-01,2026-01-01,77,62,0.805195,0.915711
2023-09-01,2026-02-01,77,59,0.766234,0.892902
2023-09-01,2026-03-01,77,59,0.766234,0.892902
2023-10-01,2023-10-01,67,67,1.0,1.0
2023-10-01,2023-11-01,67,67,1.0,1.0
2023-10-01,2023-12-01,67,67,1.0,1.0
2023-10-01,2024-01-01,67,67,1.0,1.0
2023-10-01,2024-02-01,67,67,1.0,1.0
2023-10-01,2024-03-01,67,67,1.0,1.0
2023-10-01,2024-04-01,67,67,1.0,1.0
2023-10-01,2024-05-01,67,67,1.0,1.0
2023-10-01,2024-06-01,67,67,1.0,1.0
2023-10-01,2024-07-01,67,67,1.0,1.0
2023-10-01,2024-08-01,67,67,1.0,1.0
2023-10-01,2024-09-01,67,67,1.0,1.0
2023-10-01,2024-10-01,67,67,1.0,1.0
2023-10-01,2024-11-01,67,67,1.0,1.0
2023-10-01,2024-12-01,67,67,1.0,1.0
2023-10-01,2025-01-01,67,67,1.0,1.0
2023-10-01,2025-02-01,67,67,1.0,1.0
2023-10-01,2025-03-01,67,67,1.0,1.0
2023-10-01,2025-04-01,67,66,0.985075,0.989927
2023-10-01,2025-05-01,67,66,0.985075,0.989927
2023-10-01,2025-06-01,67,66,0.985075,0.989927
2023-10-01,2025-07-01,67,65,0.970149,0.988971
2023-10-01,2025-08-01,67,64,0.955224,0.904225
2023-10-01,2025-09-01,67,63,0.940299,0.894244
2023-10-01,2025-10-01,67,60,0.895522,0.882428
2023-10-01,2025-11-01,67,56,0.835821,0.862358
2023-10-01,2025-12-01,67,51,0.761194,0.833938
2023-10-01,2026-01-01,67,51,0.761194,0.833938
2023-10-01,2026-02-01,67,47,0.701493,0.81751
2023-10-01,2026-03-01,67,47,0.701493,0.81751
2023-11-01,2023-11-01,89,89,1.0,1.0
2023-11-01,2023-12-01,89,89,1.0,1.0
2023-11-01,2024-01-01,89,89,1.0,1.0
2023-11-01,2024-02-01,89,89,1.0,1.0
2023-11-01,2024-03-01,89,89,1.0,1.0
2023-11-01,2024-04-01,89,89,1.0,1.0
2023-11-01,2024-05-01,89,89,1.0,1.0
2023-11-01,2024-06-01,89,89,1.0,1.0
2023-11-01,2024-07-01,89,89,1.0,1.0
2023-11-01,2024-08-01,89,89,1.0,1.0
2023-11-01,2024-09-01,89,89,1.0,1.0
2023-11-01,2024-10-01,89,89,1.0,1.0
2023-11-01,2024-11-01,89,89,1.0,1.0
2023-11-01,2024-12-01,89,89,1.0,1.0
2023-11-01,2025-01-01,89,89,1.0,1.0
2023-11-01,2025-02-01,89,89,1.0,1.0
2023-11-01,2025-03-01,89,89,1.0,1.0
2023-11-01,2025-04-01,89,89,1.0,1.0
2023-11-01,2025-05-01,89,89,1.0,1.0
2023-11-01,2025-06-01,89,89,1.0,1.0
2023-11-01,2025-07-01,89,89,1.0,1.0
2023-11-01,2025-08-01,89,89,1.0,1.0
2023-11-01,2025-09-01,89,87,0.977528,0.995231
2023-11-01,2025-10-01,89,82,0.921348,0.975262
2023-11-01,2025-11-01,89,78,0.876404,0.964947
2023-11-01,2025-12-01,89,75,0.842697,0.95942
2023-11-01,2026-01-01,89,67,0.752809,0.892166
2023-11-01,2026-02-01,89,63,0.707865,0.880546
2023-11-01,2026-03-01,89,63,0.707865,0.880546
2023-12-01,2023-12-01,80,80,1.0,1.0
2023-12-01,2024-01-01,80,80,1.0,1.0
2023-12-01,2024-02-01,80,80,1.0,1.0
2023-12-01,2024-03-01,80,80,1.0,1.0
2023-12-01,2024-04-01,80,80,1.0,1.0
2023-12-01,2024-05-01,80,80,1.0,1.0
2023-12-01,2024-06-01,80,80,1.0,1.0
2023-12-01,2024-07-01,80,80,1.0,1.0
2023-12-01,2024-08-01,80,80,1.0,1.0
2023-12-01,2024-09-01,80,80,1.0,1.0
2023-12-01,2024-10-01,80,80,1.0,1.0
2023-12-01,2024-11-01,80,80,1.0,1.0
2023-12-01,2024-12-01,80,80,1.0,1.0
2023-12-01,2025-01-01,80,80,1.0,1.0
2023-12-01,2025-02-01,80,80,1.0,1.0
2023-12-01,2025-03-01,80,80,1.0,1.0
2023-12-01,2025-04-01,80,80,1.0,1.0
2023-12-01,2025-05-01,80,80,1.0,1.0
2023-12-01,2025-06-01,80,80,1.0,1.0
2023-12-01,2025-07-01,80,80,1.0,1.0
2023-12-01,2025-08-01,80,78,0.975,0.993243
2023-12-01,2025-09-01,80,78,0.975,0.993243
2023-12-01,2025-10-01,80,76,0.95,0.987814
2023-12-01,2025-11-01,80,73,0.9125,0.984378
2023-12-01,2025-12-01,80,65,0.8125,0.953581
2023-12-01,2026-01-01,80,61,0.7625,0.935203
2023-12-01,2026-02-01,80,60,0.75,0.871616
2023-12-01,2026-03-01,80,60,0.75,0.871616
2024-01-01,2024-01-01,65,65,1.0,1.0
2024-01-01,2024-02-01,65,65,1.0,1.0
2024-01-01,2024-03-01,65,65,1.0,1.0
2024-01-01,2024-04-01,65,65,1.0,1.0
2024-01-01,2024-05-01,65,65,1.0,1.0
2024-01-01,2024-06-01,65,65,1.0,1.0
2024-01-01,2024-07-01,65,65,1.0,1.0
2024-01-01,2024-08-01,65,65,1.0,1.0
2024-01-01,2024-09-01,65,65,1.0,1.0
2024-01-01,2024-10-01,65,65,1.0,1.0
2024-01-01,2024-11-01,65,65,1.0,1.0
2024-01-01,2024-12-01,65,65,1.0,1.0
2024-01-01,2025-01-01,65,65,1.0,1.0
2024-01-01,2025-02-01,65,65,1.0,1.0
2024-01-01,2025-03-01,65,65,1.0,1.0
2024-01-01,2025-04-01,65,65,1.0,1.0
2024-01-01,2025-05-01,65,64,0.984615,0.996845
2024-01-01,2025-06-01,65,64,0.984615,0.996845
2024-01-01,2025-07-01,65,64,0.984615,0.996845
2024-01-01,2025-08-01,65,61,0.938462,0.945622
2024-01-01,2025-09-01,65,60,0.923077,0.940446
2024-01-01,2025-10-01,65,60,0.923077,0.940446
2024-01-01,2025-11-01,65,59,0.907692,0.913513
2024-01-01,2025-12-01,65,55,0.846154,0.837982
2024-01-01,2026-01-01,65,48,0.738462,0.741581
2024-01-01,2026-02-01,65,44,0.676923,0.703561
2024-01-01,2026-03-01,65,44,0.676923,0.703561
2024-02-01,2024-02-01,67,67,1.0,1.0
2024-02-01,2024-03-01,67,67,1.0,1.0
2024-02-01,2024-04-01,67,67,1.0,1.0
2024-02-01,2024-05-01,67,67,1.0,1.0
2024-02-01,2024-06-01,67,67,1.0,1.0
2024-02-01,2024-07-01,67,67,1.0,1.0
2024-02-01,2024-08-01,67,67,1.0,1.0
2024-02-01,2024-09-01,67,67,1.0,1.0
2024-02-01,2024-10-01,67,67,1.0,1.0
2024-02-01,2024-11-01,67,67,1.0,1.0
2024-02-01,2024-12-01,67,67,1.0,1.0
2024-02-01,2025-01-01,67,67,1.0,1.0
2024-02-01,2025-02-01,67,67,1.0,1.0
2024-02-01,2025-03-01,67,67,1.0,1.0
2024-02-01,2025-04-01,67,67,1.0,1.0
2024-02-01,2025-05-01,67,66,0.985075,0.993192
2024-02-01,2025-06-01,67,66,0.985075,0.993192
2024-02-01,2025-07-01,67,66,0.985075,0.993192
2024-02-01,2025-08-01,67,66,0.985075,0.993192
2024-02-01,2025-09-01,67,65,0.970149,0.965815
2024-02-01,2025-10-01,67,64,0.955224,0.942581
2024-02-01,2025-11-01,67,63,0.940299,0.940878
2024-02-01,2025-12-01,67,59,0.880597,0.925129
2024-02-01,2026-01-01,67,56,0.835821,0.911938
2024-02-01,2026-02-01,67,51,0.761194,0.875321
2024-02-01,2026-03-01,67,51,0.761194,0.875321
2024-03-01,2024-03-01,77,77,1.0,1.0
2024-03-01,2024-04-01,77,77,1.0,1.0
2024-03-01,2024-05-01,77,77,1.0,1.0
2024-03-01,2024-06-01,77,77,1.0,1.0
2024-03-01,2024-07-01,77,77,1.0,1.0
2024-03-01,2024-08-01,77,77,1.0,1.0
2024-03-01,2024-09-01,77,77,1.0,1.0
2024-03-01,2024-10-01,77,77,1.0,1.0
2024-03-01,2024-11-01,77,77,1.0,1.0
2024-03-01,2024-12-01,77,77,1.0,1.0
2024-03-01,2025-01-01,77,77,1.0,1.0
2024-03-01,2025-02-01,77,77,1.0,1.0
2024-03-01,2025-03-01,77,77,1.0,1.0
2024-03-01,2025-04-01,77,77,1.0,1.0
2024-03-01,2025-05-01,77,77,1.0,1.0
2024-03-01,2025-06-01,77,75,0.974026,0.989761
2024-03-01,2025-07-01,77,75,0.974026,0.989761
2024-03-01,2025-08-01,77,74,0.961039,0.98412
2024-03-01,2025-09-01,77,74,0.961039,0.98412
2024-03-01,2025-10-01,77,73,0.948052,0.976219
2024-03-01,2025-11-01,77,72,0.935065,0.972096
2024-03-01,2025-12-01,77,70,0.909091,0.959135
2024-03-01,2026-01-01,77,64,0.831169,0.926911
2024-03-01,2026-02-01,77,59,0.766234,0.888452
2024-03-01,2026-03-01,77,59,0.766234,0.888452
2024-04-01,2024-04-01,70,70,1.0,1.0
2024-04-01,2024-05-01,70,70,1.0,1.0
2024-04-01,2024-06-01,70,70,1.0,1.0
2024-04-01,2024-07-01,70,70,1.0,1.0
2024-04-01,2024-08-01,70,70,1.0,1.0
2024-04-01,2024-09-01,70,70,1.0,1.0
2024-04-01,2024-10-01,70,70,1.0,1.0
2024-04-01,2024-11-01,70,70,1.0,1.0
2024-04-01,2024-12-01,70,70,1.0,1.0
2024-04-01,2025-01-01,70,70,1.0,1.0
2024-04-01,2025-02-01,70,70,1.0,1.0
2024-04-01,2025-03-01,70,70,1.0,1.0
2024-04-01,2025-04-01,70,70,1.0,1.0
2024-04-01,2025-05-01,70,70,1.0,1.0
2024-04-01,2025-06-01,70,69,0.985714,0.979462
2024-04-01,2025-07-01,70,68,0.971429,0.947964
2024-04-01,2025-08-01,70,67,0.957143,0.942555
2024-04-01,2025-09-01,70,63,0.9,0.918632
2024-04-01,2025-10-01,70,63,0.9,0.918632
2024-04-01,2025-11-01,70,61,0.871429,0.907281
2024-04-01,2025-12-01,70,57,0.814286,0.887691
2024-04-01,2026-01-01,70,52,0.742857,0.860264
2024-04-01,2026-02-01,70,45,0.642857,0.782045
2024-04-01,2026-03-01,70,45,0.642857,0.782045
2024-05-01,2024-05-01,65,65,1.0,1.0
2024-05-01,2024-06-01,65,65,1.0,1.0
2024-05-01,2024-07-01,65,65,1.0,1.0
2024-05-01,2024-08-01,65,65,1.0,1.0
2024-05-01,2024-09-01,65,65,1.0,1.0
2024-05-01,2024-10-01,65,65,1.0,1.0
2024-05-01,2024-11-01,65,65,1.0,1.0
2024-05-01,2024-12-01,65,65,1.0,1.0
2024-05-01,2025-01-01,65,65,1.0,1.0
2024-05-01,2025-02-01,65,65,1.0,1.0
2024-05-01,2025-03-01,65,65,1.0,1.0
2024-05-01,2025-04-01,65,65,1.0,1.0
2024-05-01,2025-05-01,65,65,1.0,1.0
2024-05-01,2025-06-01,65,65,1.0,1.0
2024-05-01,2025-07-01,65,65,1.0,1.0
2024-05-01,2025-08-01,65,65,1.0,1.0
2024-05-01,2025-09-01,65,64,0.984615,0.999104
2024-05-01,2025-10-01,65,62,0.953846,0.992228
2024-05-01,2025-11-01,65,58,0.892308,0.979572
2024-05-01,2025-12-01,65,56,0.861538,0.945502
2024-05-01,2026-01-01,65,50,0.769231,0.898278
2024-05-01,2026-02-01,65,46,0.707692,0.879563
2024-05-01,2026-03-01,65,46,0.707692,0.879563
2024-06-01,2024-06-01,64,64,1.0,1.0
2024-06-01,2024-07-01,64,64,1.0,1.0
2024-06-01,2024-08-01,64,64,1.0,1.0
2024-06-01,2024-09-01,64,64,1.0,1.0
2024-06-01,2024-10-01,64,64,1.0,1.0
2024-06-01,2024-11-01,64,64,1.0,1.0
2024-06-01,2024-12-01,64,64,1.0,1.0
2024-06-01,2025-01-01,64,64,1.0,1.0
2024-06-01,2025-02-01,64,64,1.0,1.0
2024-06-01,2025-03-01,64,64,1.0,1.0
2024-06-01,2025-04-01,64,64,1.0,1.0
2024-06-01,2025-05-01,64,64,1.0,1.0
2024-06-01,2025-06-01,64,64,1.0,1.0
2024-06-01,2025-07-01,64,64,1.0,1.0
2024-06-01,2025-08-01,64,63,0.984375,0.994106
2024-06-01,2025-09-01,64,62,0.96875,0.966253
2024-06-01,2025-10-01,64,61,0.953125,0.952776
2024-06-01,2025-11-01,64,59,0.921875,0.936447
2024-06-01,2025-12-01,64,54,0.84375,0.896464
2024-06-01,2026-01-01,64,45,0.703125,0.820316
2024-06-01,2026-02-01,64,39,0.609375,0.767657
2024-06-01,2026-03-01,64,39,0.609375,0.767657
2024-07-01,2024-07-01,71,71,1.0,1.0
2024-07-01,2024-08-01,71,71,1.0,1.0
2024-07-01,2024-09-01,71,71,1.0,1.0
2024-07-01,2024-10-01,71,71,1.0,1.0
2024-07-01,2024-11-01,71,71,1.0,1.0
2024-07-01,2024-12-01,71,71,1.0,1.0
2024-07-01,2025-01-01,71,71,1.0,1.0
2024-07-01,2025-02-01,71,71,1.0,1.0
2024-07-01,2025-03-01,71,71,1.0,1.0
2024-07-01,2025-04-01,71,71,1.0,1.0
2024-07-01,2025-05-01,71,70,0.985915,0.998087
2024-07-01,2025-06-01,71,70,0.985915,0.998087
2024-07-01,2025-07-01,71,69,0.971831,0.995547
2024-07-01,2025-08-01,71,68,0.957746,0.986973
2024-07-01,2025-09-01,71,68,0.957746,0.986973
2024-07-01,2025-10-01,71,66,0.929577,0.97771
2024-07-01,2025-11-01,71,65,0.915493,0.956629
2024-07-01,2025-12-01,71,64,0.901408,0.950491
2024-07-01,2026-01-01,71,58,0.816901,0.927234
2024-07-01,2026-02-01,71,52,0.732394,0.907887
2024-07-01,2026-03-01,71,52,0.732394,0.907887
2024-08-01,2024-08-01,73,73,1.0,1.0
2024-08-01,2024-09-01,73,73,1.0,1.0
2024-08-01,2024-10-01,73,73,1.0,1.0
2024-08-01,2024-11-01,73,73,1.0,1.0
2024-08-01,2024-12-01,73,73,1.0,1.0
2024-08-01,2025-01-01,73,73,1.0,1.0
2024-08-01,2025-02-01,73,73,1.0,1.0
2024-08-01,2025-03-01,73,73,1.0,1.0
2024-08-01,2025-04-01,73,73,1.0,1.0
2024-08-01,2025-05-01,73,73,1.0,1.0
2024-08-01,2025-06-01,73,73,1.0,1.0
2024-08-01,2025-07-01,73,73,1.0,1.0
2024-08-01,2025-08-01,73,72,0.986301,0.990058
2024-08-01,2025-09-01,73,72,0.986301,0.990058
2024-08-01,2025-10-01,73,71,0.972603,0.985461
2024-08-01,2025-11-01,73,68,0.931507,0.978255
2024-08-01,2025-12-01,73,66,0.90411,0.970116
2024-08-01,2026-01-01,73,61,0.835616,0.952022
2024-08-01,2026-02-01,73,56,0.767123,0.923945
2024-08-01,2026-03-01,73,56,0.767123,0.923945
2024-09-01,2024-09-01,61,61,1.0,1.0
2024-09-01,2024-10-01,61,61,1.0,1.0
2024-09-01,2024-11-01,61,61,1.0,1.0
2024-09-01,2024-12-01,61,61,1.0,1.0
2024-09-01,2025-01-01,61,61,1.0,1.0
2024-09-01,2025-02-01,61,61,1.0,1.0
2024-09-01,2025-03-01,61,61,1.0,1.0
2024-09-01,2025-04-01,61,61,1.0,1.0
2024-09-01,2025-05-01,61,61,1.0,1.0
2024-09-01,2025-06-01,61,61,1.0,1.0
2024-09-01,2025-07-01,61,61,1.0,1.0
2024-09-01,2025-08-01,61,61,1.0,1.0
2024-09-01,2025-09-01,61,59,0.967213,0.971029
2024-09-01,2025-10-01,61,57,0.934426,0.940678
2024-09-01,2025-11-01,61,55,0.901639,0.932548
2024-09-01,2025-12-01,61,53,0.868852,0.917253
2024-09-01,2026-01-01,61,48,0.786885,0.873956
2024-09-01,2026-02-01,61,41,0.672131,0.804858
2024-09-01,2026-03-01,61,41,0.672131,0.804858
2024-10-01,2024-10-01,65,65,1.0,1.0
2024-10-01,2024-11-01,65,65,1.0,1.0
2024-10-01,2024-12-01,65,65,1.0,1.0
2024-10-01,2025-01-01,65,65,1.0,1.0
2024-10-01,2025-02-01,65,65,1.0,1.0
2024-10-01,2025-03-01,65,65,1.0,1.0
2024-10-01,2025-04-01,65,65,1.0,1.0
2024-10-01,2025-05-01,65,65,1.0,1.0
2024-10-01,2025-06-01,65,65,1.0,1.0
2024-10-01,2025-07-01,65,65,1.0,1.0
2024-10-01,2025-08-01,65,65,1.0,1.0
2024-10-01,2025-09-01,65,65,1.0,1.0
2024-10-01,2025-10-01,65,63,0.969231,0.994212
2024-10-01,2025-11-01,65,62,0.953846,0.985849
2024-10-01,2025-12-01,65,56,0.861538,0.92222
2024-10-01,2026-01-01,65,48,0.738462,0.879411
2024-10-01,2026-02-01,65,44,0.676923,0.842351
2024-10-01,2026-03-01,65,44,0.676923,0.842351
2024-11-01,2024-11-01,47,47,1.0,1.0
2024-11-01,2024-12-01,47,47,1.0,1.0
2024-11-01,2025-01-01,47,47,1.0,1.0
2024-11-01,2025-02-01,47,47,1.0,1.0
2024-11-01,2025-03-01,47,47,1.0,1.0
2024-11-01,2025-04-01,47,47,1.0,1.0
2024-11-01,2025-05-01,47,47,1.0,1.0
2024-11-01,2025-06-01,47,47,1.0,1.0
2024-11-01,2025-07-01,47,47,1.0,1.0
2024-11-01,2025-08-01,47,47,1.0,1.0
2024-11-01,2025-09-01,47,47,1.0,1.0
2024-11-01,2025-10-01,47,46,0.978723,0.985076
2024-11-01,2025-11-01,47,45,0.957447,0.975798
2024-11-01,2025-12-01,47,42,0.893617,0.944867
2024-11-01,2026-01-01,47,34,0.723404,0.827267
2024-11-01,2026-02-01,47,33,0.702128,0.80775
2024-11-01,2026-03-01,47,33,0.702128,0.80775
2024-12-01,2024-12-01,63,63,1.0,1.0
2024-12-01,2025-01-01,63,63,1.0,1.0
2024-12-01,2025-02-01,63,63,1.0,1.0
2024-12-01,2025-03-01,63,63,1.0,1.0
2024-12-01,2025-04-01,63,63,1.0,1.0
2024-12-01,2025-05-01,63,63,1.0,1.0
2024-12-01,2025-06-01,63,63,1.0,1.0
2024-12-01,2025-07-01,63,63,1.0,1.0
2024-12-01,2025-08-01,63,63,1.0,1.0
2024-12-01,2025-09-01,63,63,1.0,1.0
2024-12-01,2025-10-01,63,63,1.0,1.0
2024-12-01,2025-11-01,63,63,1.0,1.0
2024-12-01,2025-12-01,63,58,0.920635,0.984891
2024-12-01,2026-01-01,63,55,0.873016,0.970196
2024-12-01,2026-02-01,63,47,0.746032,0.918992
2024-12-01,2026-03-01,63,47,0.746032,0.918992
2025-01-01,2025-01-01,76,76,1.0,1.0
2025-01-01,2025-02-01,76,76,1.0,1.0
2025-01-01,2025-03-01,76,76,1.0,1.0
2025-01-01,2025-04-01,76,76,1.0,1.0
2025-01-01,2025-05-01,76,76,1.0,1.0
2025-01-01,2025-06-01,76,76,1.0,1.0
2025-01-01,2025-07-01,76,76,1.0,1.0
2025-01-01,2025-08-01,76,76,1.0,1.0
2025-01-01,2025-09-01,76,76,1.0,1.0
2025-01-01,2025-10-01,76,76,1.0,1.0
2025-01-01,2025-11-01,76,75,0.986842,0.995487
2025-01-01,2025-12-01,76,72,0.947368,0.988835
2025-01-01,2026-01-01,76,63,0.828947,0.930145
2025-01-01,2026-02-01,76,55,0.723684,0.892737
2025-01-01,2026-03-01,76,55,0.723684,0.892737
2025-02-01,2025-02-01,77,77,1.0,1.0
2025-02-01,2025-03-01,77,77,1.0,1.0
2025-02-01,2025-04-01,77,77,1.0,1.0
2025-02-01,2025-05-01,77,77,1.0,1.0
2025-02-01,2025-06-01,77,77,1.0,1.0
2025-02-01,2025-07-01,77,77,1.0,1.0
2025-02-01,2025-08-01,77,77,1.0,1.0
2025-02-01,2025-09-01,77,76,0.987013,0.998052
2025-02-01,2025-10-01,77,76,0.987013,0.998052
2025-02-01,2025-11-01,77,76,0.987013,0.998052
2025-02-01,2025-12-01,77,73,0.948052,0.982273
2025-02-01,2026-01-01,77,66,0.857143,0.931941
2025-02-01,2026-02-01,77,53,0.688312,0.7845
2025-02-01,2026-03-01,77,53,0.688312,0.7845
2025-03-01,2025-03-01,76,76,1.0,1.0
2025-03-01,2025-04-01,76,76,1.0,1.0
2025-03-01,2025-05-01,76,76,1.0,1.0
2025-03-01,2025-06-01,76,76,1.0,1.0
2025-03-01,2025-07-01,76,76,1.0,1.0
2025-03-01,2025-08-01,76,76,1.0,1.0
2025-03-01,2025-09-01,76,76,1.0,1.0
2025-03-01,2025-10-01,76,76,1.0,1.0
2025-03-01,2025-11-01,76,76,1.0,1.0
2025-03-01,2025-12-01,76,73,0.960526,0.981519
2025-03-01,2026-01-01,76,68,0.894737,0.94321
2025-03-01,2026-02-01,76,56,0.736842,0.859307
2025-03-01,2026-03-01,76,56,0.736842,0.859307
2025-04-01,2025-04-01,77,77,1.0,1.0
2025-04-01,2025-05-01,77,77,1.0,1.0
2025-04-01,2025-06-01,77,77,1.0,1.0
2025-04-01,2025-07-01,77,77,1.0,1.0
2025-04-01,2025-08-01,77,77,1.0,1.0
2025-04-01,2025-09-01,77,77,1.0,1.0
2025-04-01,2025-10-01,77,77,1.0,1.0
2025-04-01,2025-11-01,77,75,0.974026,0.984652
2025-04-01,2025-12-01,77,73,0.948052,0.973044
2025-04-01,2026-01-01,77,61,0.792208,0.912314
2025-04-01,2026-02-01,77,47,0.61039,0.80299
2025-04-01,2026-03-01,77,47,0.61039,0.80299
2025-05-01,2025-05-01,75,75,1.0,1.0
2025-05-01,2025-06-01,75,75,1.0,1.0
2025-05-01,2025-07-01,75,75,1.0,1.0
2025-05-01,2025-08-01,75,75,1.0,1.0
2025-05-01,2025-09-01,75,75,1.0,1.0
2025-05-01,2025-10-01,75,75,1.0,1.0
2025-05-01,2025-11-01,75,75,1.0,1.0
2025-05-01,2025-12-01,75,72,0.96,0.977489
2025-05-01,2026-01-01,75,66,0.88,0.941887
2025-05-01,2026-02-01,75,48,0.64,0.846655
2025-05-01,2026-03-01,75,48,0.64,0.846655
2025-06-01,2025-06-01,62,62,1.0,1.0
2025-06-01,2025-07-01,62,62,1.0,1.0
2025-06-01,2025-08-01,62,62,1.0,1.0
2025-06-01,2025-09-01,62,62,1.0,1.0
2025-06-01,2025-10-01,62,62,1.0,1.0
2025-06-01,2025-11-01,62,62,1.0,1.0
2025-06-01,2025-12-01,62,56,0.903226,0.931196
2025-06-01,2026-01-01,62,52,0.83871,0.905283
2025-06-01,2026-02-01,62,38,0.612903,0.797873
2025-06-01,2026-03-01,62,38,0.612903,0.797873
2025-07-01,2025-07-01,87,87,1.0,1.0
2025-07-01,2025-08-01,87,87,1.0,1.0
2025-07-01,2025-09-01,87,87,1.0,1.0
2025-07-01,2025-10-01,87,87,1.0,1.0
2025-07-01,2025-11-01,87,87,1.0,1.0
2025-07-01,2025-12-01,87,85,0.977011,0.989649
2025-07-01,2026-01-01,87,73,0.83908,0.916034
2025-07-01,2026-02-01,87,56,0.643678,0.802037
2025-07-01,2026-03-01,87,56,0.643678,0.802037
2025-08-01,2025-08-01,63,63,1.0,1.0
2025-08-01,2025-09-01,63,63,1.0,1.0
2025-08-01,2025-10-01,63,63,1.0,1.0
2025-08-01,2025-11-01,63,63,1.0,1.0
2025-08-01,2025-12-01,63,61,0.968254,0.987982
2025-08-01,2026-01-01,63,54,0.857143,0.891352
2025-08-01,2026-02-01,63,37,0.587302,0.806317
2025-08-01,2026-03-01,63,37,0.587302,0.806317
2025-09-01,2025-09-01,62,62,1.0,1.0
2025-09-01,2025-10-01,62,62,1.0,1.0
2025-09-01,2025-11-01,62,62,1.0,1.0
2025-09-01,2025-12-01,62,62,1.0,1.0
2025-09-01,2026-01-01,62,57,0.919355,0.950939
2025-09-01,2026-02-01,62,43,0.693548,0.810122
2025-09-01,2026-03-01,62,43,0.693548,0.810122
2025-10-01,2025-10-01,65,65,1.0,1.0
2025-10-01,2025-11-01,65,65,1.0,1.0
2025-10-01,2025-12-01,65,65,1.0,1.0
2025-10-01,2026-01-01,65,59,0.907692,0.895799
2025-10-01,2026-02-01,65,41,0.630769,0.776771
2025-10-01,2026-03-01,65,41,0.630769,0.776771
2025-11-01,2025-11-01,73,73,1.0,1.0
2025-11-01,2025-12-01,73,73,1.0,1.0
2025-11-01,2026-01-01,73,72,0.986301,0.998334
2025-11-01,2026-02-01,73,43,0.589041,0.826098
2025-11-01,2026-03-01,73,43,0.589041,0.826098
2025-12-01,2025-12-01,75,75,1.0,1.0
2025-12-01,2026-01-01,75,74,0.986667,0.996189
2025-12-01,2026-02-01,75,71,0.946667,0.979475
2025-12-01,2026-03-01,75,71,0.946667,0.979475
2026-01-01,2026-01-01,72,72,1.0,1.0
2026-01-01,2026-02-01,72,72,1.0,1.0
2026-01-01,2026-03-01,72,72,1.0,1.0
2026-02-01,2026-02-01,72,72,1.0,1.0
2026-02-01,2026-03-01,72,72,1.0,1.0
2026-03-01,2026-03-01,17,17,1.0,1.0
